Station_Name,Province,Date,Mean_Temp,Highest_Monthly_Maxi_Temp,Lowest_Monthly_Min_Temp
CHEMAINUS,BC,04/01/2018,15.1,26.5,7
LAKE COWICHAN,BC,06/01/2018,13.9,31,3
DISCOVERY ISLAND,BC,06/01/2018,,22.2,
ESQUIMALT HARBOUR,BC,06/01/2018,13.8,24.1,7.4
GALIANO NORTH,BC,06/01/2018,14.9,26,8
MALAHAT,BC,06/01/2018,14.4,28.5,6.4
METCHOSIN,BC,06/01/2018,,,
NORTH COWICHAN,BC,06/01/2018,,,
NORTH COWICHAN,BC,06/01/2018,14.6,28.8,3.9
NORTH PENDER ISLAND,BC,06/01/2018,15.5,28.5,7.5
RACE ROCKS,BC,06/01/2018,13.2,21.2,8.4
SAANICHTON MT NEWTON,BC,06/01/2018,,,
SATURNA CAPMON CS,BC,06/01/2018,12.2,20.5,6.4
SATURNA ISLAND CS,BC,06/01/2018,14.7,22.4,8.7
SHAWNIGAN LAKE,BC,06/01/2018,14.4,27.5,6.5
VICTORIA UNIVERSITY CS,BC,06/01/2018,14.1,26.1,5.7
VICTORIA GONZALES CS,BC,06/01/2018,14.3,23.3,8
VICTORIA INTL A,BC,06/01/2018,14.2,24.6,5.3
BALLENAS ISLAND,BC,06/01/2018,14.5,21.2,9.8
CAMPBELL RIVER A,BC,06/01/2018,13,26.5,1.5
CAPE MUDGE,BC,06/01/2018,14.1,24.5,7
CHROME ISLAND,BC,06/01/2018,13.8,24.5,6
COMOX A,BC,06/01/2018,14.2,23.9,6.5
CORTES ISLAND TIBER BAY,BC,06/01/2018,14.2,27,4
COURTENAY GRANTHAM,BC,09/07/2017,12.3,15.5,10
COURTENAY PUNTLEDGE,BC,09/07/2017,13.9,33,4
ENTRANCE ISLAND,BC,09/07/2017,14.5,21.7,11
FANNY ISLAND,BC,09/07/2017,12.6,20.4,7.2
HERIOT BAY SE,BC,09/07/2017,13.6,24,6
LITTLE QUALICUM HATCHERY,BC,09/07/2017,12.6,27,1.5
NANAIMO A,BC,09/07/2017,14.3,28,4.5
NANAIMO CITY YARD,BC,09/07/2017,,,
PORT HARDY A,BC,09/07/2017,11.9,19.5,1.7
QUALICUM BEACH AIRPORT,BC,09/07/2017,14,25.1,7.6
QUINSAM RIVER HATCHERY,BC,09/07/2017,13.6,26.5,3
ENTRANCE ISLAND,BC,06/01/2018,14.5,21.5,11
CAPE BEALE LIGHT,BC,09/07/2017,13.4,20.5,8
ESTEVAN POINT,BC,09/07/2017,13.7,19.5,6.5
ESTEVAN POINT CS,BC,09/07/2017,13.3,18.8,6.2
LENNARD ISLAND,BC,09/07/2017,11.1,19.5,4
NITINAT RIVER HATCHERY,BC,09/07/2017,14.2,26.5,5
NOOTKA LIGHTSTATION,BC,09/07/2017,16.6,25.5,13
PACHENA POINT,BC,09/07/2017,12.2,21,3.5
PORT ALBERNI (AUT),BC,09/07/2017,14.1,29.8,3.3
SARTINE ISLAND (AUT),BC,09/07/2017,12.7,17,9.2
SOLANDER ISLAND (AUT),BC,09/07/2017,12.9,18.2,8.4
TAHSIS VILLAGE NORTH,BC,09/07/2017,14.9,25.5,4.5
TOFINO A,BC,09/07/2017,13.3,24,4
UCLUELET KENNEDY CAMP,BC,09/07/2017,13.3,24.5,4.5
ZEBALLOS MURAUDE CREEK,BC,09/07/2017,14.3,25,5
BOWEN ISLAND SUNSET PARK,BC,09/07/2017,,,
GIBSONS GOWER POINT,BC,09/07/2017,14.5,24.5,8.5
MERRY ISLAND LIGHTSTATION,BC,09/07/2017,15.3,23.5,10
HOWE SOUND - PAM ROCKS,BC,09/07/2017,15.2,23.1,10.2
PENDER HARBOUR,BC,09/07/2017,,,
PORT MELLON,BC,09/07/2017,14.5,27.7,7.1
POWELL RIVER A,BC,09/07/2017,13.2,27.5,4
POWELL RIVER,BC,09/07/2017,13.4,27.3,4.6
SECHELT AUT,BC,09/07/2017,13.8,26.7,5.4
SQUAMISH AIRPORT,BC,09/07/2017,14.1,28.8,4.5
WHISTLER,BC,09/07/2017,11.4,28,1.5
CAPE ST JAMES,BC,09/07/2017,13.7,19.5,9.8
KINDAKUN ROCKS (AUT),BC,09/07/2017,13.8,18.1,9.2
LANGARA,BC,09/07/2017,12.4,17.5,7
ROSE SPIT (AUT),BC,09/07/2017,13.7,18.8,7
SANDSPIT AIRPORT AUTO,BC,09/07/2017,13.6,19.3,5.5
SANDSPIT,BC,09/07/2017,13.7,19.3,7.7
ADDENBROKE ISLAND,BC,09/07/2017,13.3,19.5,7.5
BELLA BELLA,BC,09/07/2017,11.1,22.1,1.7
BELLA COOLA AIRPORT,BC,09/07/2017,12.5,23.9,3.8
BOAT BLUFF,BC,09/07/2017,13.5,22,6.5
BONILLA ISLAND,BC,09/07/2017,13.2,18,7
BONILLA ISLAND (AUT),BC,09/07/2017,12.8,18.9,7.9
CATHEDRAL POINT (AUT),BC,09/07/2017,13.4,19,7.7
CUMSHEWA ISLAND,BC,09/07/2017,13.6,19.3,9.6
DRYAD POINT,BC,09/07/2017,14.1,21,6.5
EGG ISLAND,BC,09/07/2017,12.2,18.5,7.5
GREEN ISLAND,BC,09/07/2017,12.5,18,7
GREY ISLET (AUT),BC,09/07/2017,12.7,17.7,8.4
HOLLAND ROCK,BC,09/07/2017,12.3,18.3,7.2
IVORY ISLAND,BC,09/07/2017,13.7,20.5,7
KEMANO,BC,09/07/2017,11.9,23.5,3
KITIMAT TOWNSITE,BC,09/07/2017,12.3,22,0
KITIMAT 2,BC,09/07/2017,12.6,23,2
LUCY ISLAND LIGHTSTATION,BC,09/07/2017,12.5,16.9,7
MCINNES ISLAND,BC,06/01/2018,14.2,20,9
PRINCE RUPERT,BC,09/07/2017,11.8,19.8,2.6
TERRACE PCC,BC,09/07/2017,12.7,22.5,2
TERRACE A,BC,09/07/2017,11.9,20.6,1
TRIPLE ISLAND,BC,09/07/2017,13,16.5,8.5
HOUSTON,BC,09/07/2017,8.4,21,-4.5
SMITHERS,BC,09/07/2017,7.9,20.8,-5.3
SMITHERS A,BC,09/07/2017,9,21,-5
SMITHERS AIRPORT AUTO,BC,09/07/2017,8.8,20.9,-4.5
SUSKWA VALLEY,BC,09/07/2017,7.6,19.5,-5
OOTSA LAKESKINS LAKE CLIMATE,BC,09/07/2017,7.6,18.7,-3.6
PEMBERTON AIRPORT (WIND),BC,09/07/2017,13.7,30.8,3.2
PEMBERTON AIRPORT CS,BC,09/07/2017,13.8,30.4,3.6
PUNTZI MOUNTAIN (AUT),BC,09/07/2017,7.7,21.8,-4.2
TATLAYOKO LAKE RCS,BC,09/07/2017,8.5,22.9,-3
BURNS LAKE DECKER LAKE,BC,09/07/2017,6.5,20.5,-9.1
FORT ST JAMES,BC,09/03/2017,8.9,18.5,-3
FORT ST JAMES AUTO,BC,09/03/2017,8.2,20.4,-4.4
MCLEESE LAKE GRANITE MT,BC,09/03/2017,7.8,20,-6
PRINCE GEORGE,BC,09/03/2017,7.5,22.7,-8
PRINCE GEORGE AIRPORT AUTO,BC,09/03/2017,7.8,22.6,-8
PRINCE GEORGE MASSEY AUTO,BC,09/03/2017,9.7,22.7,-2.6
PRINCE GEORGE STP,BC,09/03/2017,9.2,23,-3.5
QUESNEL,BC,09/03/2017,7.9,19.6,-4
QUESNEL AIRPORT AUTO,BC,09/03/2017,8.7,22.3,-4.1
SPOKIN LAKE 4E,BC,09/07/2017,5.8,23,-9
WILLIAMS LAKE A,BC,09/07/2017,8.3,22.9,-2.5
VANDERHOOF,BC,09/07/2017,8.9,20.5,-6.5
108 MILE HOUSE ABEL LAKE,BC,09/07/2017,9.3,25.5,-1.5
ABBOTSFORD A,BC,09/07/2017,15.1,29.3,5.8
AGASSIZ RCS,BC,09/07/2017,15.4,28.7,6.8
AGASSIZ CDA,BC,09/07/2017,15.6,28.5,7
WHISTLER - NESTERS,BC,09/07/2017,11.7,28.3,1.8
BURNABY SIMON FRASER U,BC,09/07/2017,14,26.5,8
CALLAGHAN VALLEY,BC,09/07/2017,10.3,25.7,1.9
CLOVERDALE EAST,BC,09/07/2017,15.6,29,6.5
CULTUS LAKE,BC,09/07/2017,15,29.4,6.4
DELTA BURNS BOG,BC,09/07/2017,13.9,27.6,3.4
DELTA TSAWWASSEN BEACH,BC,09/07/2017,13.3,26,4
FORT LANGLEY TELEGRAPH TRAIL,BC,09/07/2017,15.2,29,5.5
HANEY UBC RF ADMIN,BC,09/08/2017,14.3,28.5,1
MISSION WEST ABBEY,BC,10/08/2017,15.1,28,8
N VANC GROUSE MTN RESORT,BC,11/08/2017,9.8,24,3
N VANCOUVER WHARVES,BC,12/08/2017,,,
PITT MEADOWS CS,BC,13/08/2017,15.2,29.3,5.5
POINT ATKINSON,BC,14/08/2017,14.8,24.4,10
RICHMOND DALLYN 2,BC,15/08/2017,,,
PORT MOODY GLENAYRE,BC,16/08/2017,14.6,28.5,7
RICHMOND NATURE PARK,BC,17/08/2017,15.1,28,5
SANDHEADS CS,BC,18/08/2017,14.7,22.3,9.2
SUMAS CANAL,BC,19/08/2017,15,24,8
VANCOUVER SEA ISLAND CCG,BC,20/08/2017,14.7,27.5,7.3
VANCOUVER INTL A,BC,21/08/2017,14.6,27.1,6.1
VANCOUVER HARBOUR CS,BC,22/08/2017,15.2,26.4,9.3
WEST VANCOUVER AUT,BC,23/08/2017,14.9,27.8,7.9
WHISTLER ROUNDHOUSE,BC,24/08/2017,5.3,17.5,0.5
WHITE ROCK CAMPBELL SCIENTIFIC,BC,25/08/2017,14.9,25.8,6.5
HOPE A,BC,26/08/2017,15.7,29.1,7.7
HOPE AIRPORT,BC,27/08/2017,15.3,29,7.5
HOPE SLIDE,BC,28/08/2017,11.1,26,3
LILLOOET,BC,29/08/2017,14.7,28.7,4.2
LYTTON A,BC,30/08/2017,15.9,32.2,5
LYTTON RCS,BC,31/08/2017,15.6,33.2,4.9
JELLICOE,BC,01/09/2017,10.4,29.5,-1.5
KELOWNA,BC,02/09/2017,13.4,27,1.9
KELOWNA UBCO,BC,03/09/2017,14,27.4,4.6
MERRITT,BC,04/09/2017,11.8,30.2,-0.6
OKANAGAN CENTRE,BC,05/09/2017,14.8,27.5,6.5
OLIVER STP,BC,06/09/2017,16.1,30,4
OSOYOOS CS,BC,07/09/2017,15.9,30.5,4.4
PEACHLAND,BC,08/09/2017,14.9,26,7.5
PENTICTON A,BC,09/09/2017,14.1,28.5,2.2
PRINCETON A,BC,10/09/2017,11.6,29.5,-0.5
VERNON AUTO,BC,11/09/2017,13.3,27.1,3.8
VERNON NORTH,BC,12/09/2017,15.1,27,4.5
VERNON SILVER STAR LODGE,BC,13/09/2017,6.7,17,0.5
PRINCETON CS,BC,14/09/2017,11.7,29.9,0.2
SUMMERLAND CS,BC,15/09/2017,14.1,26.2,4.7
BILLINGS,BC,16/09/2017,15,31.5,3
CASTLEGAR A,BC,17/09/2017,14.2,31.5,3
CASTLEGAR BCHPA DAM,BC,18/09/2017,14.4,29,6
DUNCAN LAKE DAM,BC,19/09/2017,11.9,26.5,1.5
KASLO,BC,20/09/2017,15.7,28.5,6
NAKUSP CS,BC,21/09/2017,12.2,24.4,3.7
NELSON NE,BC,22/09/2017,14,28,4
NEW DENVER,BC,23/09/2017,13.1,26.5,3
NELSON CS,BC,24/09/2017,14.3,30,3.3
WARFIELD RCS,BC,25/09/2017,14.4,31.3,3.7
CRESTON CAMPBELL SCIENTIFIC,BC,26/09/2017,14.4,30.8,3.6
NELSON RIXEN CREEK,BC,27/09/2017,13.3,31,2.5
CRANBROOK A,BC,28/09/2017,11.4,30.3,-0.8
CRANBROOK AIRPORT AUTO,BC,29/09/2017,11.2,30.3,-0.9
FERNIE,BC,30/09/2017,11,29.5,-0.5
FT STEELE DANDY CRK,BC,01/10/2017,9,30,-1
KIMBERLEY PCC,BC,02/10/2017,11.1,29,0
KOOTENAY NP WEST GATE,BC,03/10/2017,10.7,28,-2.5
SPARWOOD,BC,04/10/2017,9.7,27.5,-2.5
SPARWOOD CS,BC,05/10/2017,9.5,27.7,-2.4
ASHCROFT,BC,06/10/2017,14.7,28.8,5
BLUE RIVER A,BC,07/10/2017,9.2,23.5,-3
BLUE RIVER CS,BC,08/10/2017,9,23.4,-2
CLEARWATER AUTO,BC,09/10/2017,11.5,24.6,-0.7
CLINTON A,BC,10/10/2017,6.9,23,-4
CLINTON RCS,BC,11/10/2017,8.3,22.9,-0.8
CRISS CREEK,BC,12/10/2017,7.3,24,-4
KAMLOOPS A,BC,13/10/2017,13.8,27.2,3.2
KAMLOOPS AUT,BC,14/10/2017,13.7,26.9,2.3
RED LAKE,BC,15/10/2017,8.9,23,-0.5
SILVER CREEK,BC,16/10/2017,12.3,25.5,1.5
VAVENBY,BC,17/10/2017,11.1,23,-1
KAMLOOPS PRATT ROAD,BC,18/10/2017,10.7,22,2.5
SALMON ARM CS,BC,19/10/2017,13,25.4,3.1
GOLDEN A,BC,20/10/2017,9.6,23,-2
GOLDEN AIRPORT,BC,21/10/2017,9.4,23.3,-1.7
MICA DAM,BC,22/10/2017,9.2,20,0
REVELSTOKE A,BC,23/10/2017,12,23.3,2.4
REVELSTOKE AIRPORT AUTO,BC,24/10/2017,12.2,24.2,2.3
YOHO PARK,BC,25/10/2017,6.3,23.1,-3.1
YOHO NP OHARA LAKE,BC,26/10/2017,2.5,18,-10
CHETWYND A,BC,27/10/2017,5.9,19,-4
DAWSON CREEK A,BC,28/10/2017,5.5,18.3,-9.8
FORT ST. JOHN A,BC,29/10/2017,5,18,-6.6
MACKENZIE,BC,30/10/2017,5.8,18.5,-7.5
MACKENZIE AIRPORT AUTO,BC,31/10/2017,6.6,19.1,-6.9
DEASE LAKE A,BC,01/11/2017,4.9,18.1,-8.2
FORT NELSON A,BC,02/11/2017,4.9,20.1,-9.1
FORT NELSON,BC,03/11/2017,5.5,20.1,-8.2
DEASE LAKE (AUT),BC,04/11/2017,5.1,18.4,-8.2
ATLIN,BC,05/11/2017,7.3,17.5,-3.5
PLEASANT CAMP,BC,06/11/2017,9.6,22,-4
BURWASH A,YT,07/11/2017,4.7,17.5,-10.7
BURWASH AIRPORT AUTO BC,YT,08/11/2017,4.7,18.1,-11
CARMACKS CS,YT,09/11/2017,5.7,17.4,-8.7
FARO (AUT),YT,10/11/2017,4.5,16.1,-8.8
HAINES JUNCTION,YT,11/11/2017,6.2,20.8,-11
HERSCHEL ISLAND,YT,12/11/2017,0.3,8.1,-8.1
IVVAVIK NAT. PARK,YT,13/11/2017,1.1,14,-13
MACMILLAN PASS,YT,14/11/2017,-0.7,8.5,-12
MARGARET LAKE,YT,15/11/2017,-1.3,10.3,-18.2
MAYO A,YT,16/11/2017,4.9,16.4,-8.2
OLD CROW RCS,YT,17/11/2017,1.9,12.6,-9.9
ROCK RIVER,YT,18/11/2017,0.1,10.6,-12.8
DAWSON,YT,19/11/2017,5.1,15.7,-8.9
TESLIN (AUT),YT,20/11/2017,5.3,16.7,-7.4
WATSON LAKE (AUT),YT,21/11/2017,4.2,15.4,-9
WHITEHORSE A,YT,22/11/2017,6.4,23.4,-6.3
WHITEHORSE AUTO,YT,23/11/2017,5.9,17.1,-6.6
CAPE PARRY A,NT,24/11/2017,-2.6,5,-8.4
COLVILLE LAKE,NT,25/11/2017,-0.3,13.5,-7.4
DELINE CS,NT,26/11/2017,1.2,16.8,-12.3
DEADMEN VALLEY,NT,27/11/2017,3,18.5,-11.3
FORT GOOD HOPE CS,NT,28/11/2017,2.5,16.5,-11.9
FORT LIARD,NT,29/11/2017,5,20.1,-10.1
FORT PROVIDENCE,NT,30/11/2017,3.2,18.1,-8.8
FORT RELIANCE (AUT),NT,01/12/2017,4,17.4,-4.9
FORT SIMPSON CLIMATE,NT,02/12/2017,3.1,17,-10.8
FORT SIMPSON A,NT,03/12/2017,3.3,16.7,-10.8
FORT SMITH A,NT,04/12/2017,3,16.7,-7.5
FORT SMITH CLIMATE,NT,05/12/2017,3.6,17.9,-7.9
HANBURY RIVER,NT,06/12/2017,-0.8,12.8,-8.5
HAY RIVER A,NT,07/12/2017,3.8,18.1,-7.2
HAY RIVER CLIMATE,NT,08/12/2017,4.1,17.7,-6.9
INNER WHALEBACKS,NT,09/12/2017,4.7,14,-3.1
INUVIK CLIMATE,NT,10/12/2017,0.8,12,-10.1
LAC LA MARTRE,NT,11/12/2017,2.6,17.5,-7.9
NORMAN WELLS A,NT,12/12/2017,1.2,15.4,-11.2
NORMAN WELLS CLIMATE,NT,13/12/2017,0.9,16.8,-11.8
PAULATUK,NT,14/12/2017,-1.3,10.9,-7.9
PELLY ISLAND,NT,15/12/2017,-0.1,8.1,-5.6
RABBIT KETTLE,NT,16/12/2017,3.8,17,-10.8
RAE LAKES,NT,17/12/2017,0.8,8.4,-5.9
TUKTOYAKTUK,NT,18/12/2017,-0.2,10,-6.5
TUKTUT NOGAIT,NT,19/12/2017,-5.9,4.7,-16.1
YELLOWKNIFE A,NT,20/12/2017,2.5,14.4,-7.8
YELLOWKNIFE-HENDERSON,NT,21/12/2017,8,28,-9
YOHIN,NT,22/12/2017,3.9,20.6,-11.6
LIVERPOOL BAY,NT,23/12/2017,-1.6,9.1,-9.4
LITTLE CHICAGO,NT,24/12/2017,1.5,13.9,-10.5
LINDBURG LANDING,NT,25/12/2017,4.2,19.9,-9.6
TRAIL VALLEY,NT,26/12/2017,0,12,-12.1
ARVIAT A,NU,27/12/2017,3.1,13.2,-4.9
BAKER LAKE CLIMATE,NU,28/12/2017,0.7,13.6,-9.1
BAKER LAKE A,NU,29/12/2017,0.8,14.2,-8.2
BATHURST INLET,NU,30/12/2017,0.4,12.1,-6.7
KUGLUKTUK A,NU,31/12/2017,-0.5,13.8,-8.1
KUGLUKTUK CLIMATE,NU,01/01/2018,-0.4,13.8,-7.9
CORAL HARBOUR A,NU,02/01/2018,1,14.2,-13.7
CORAL HARBOUR RCS,NU,03/01/2018,1.1,12.2,-13.9
ENNADAI LAKE (AUT),NU,04/01/2018,1.5,16.3,-7.1
ARVIAT CLIMATE,NU,05/01/2018,2.4,13.4,-5.7
GJOA HAVEN A,NU,06/01/2018,-2.1,10.2,-12.6
GJOA HAVEN CLIMATE,NU,07/01/2018,-2.2,10.1,-13.2
HAT ISLAND,NU,08/01/2018,-1,11.4,-7.5
PELLY BAY,NU,09/01/2018,-3.5,11.4,-11.9
KUGAARUK CLIMATE,NU,10/01/2018,-0.7,14.3,-15.7
RANKIN INLET A,NU,11/01/2018,2,12.8,-6.4
ROBERTSON LAKE (AUT),NU,12/01/2018,-4.2,0.4,-10
SANIKILUAQ,NU,13/01/2018,4.6,11.6,-1.1
SHEPHERD BAY A,NU,14/01/2018,-2,12.8,-13.8
LUPIN CS,NU,15/01/2018,-2.4,12,-10.4
ALERT CLIMATE,NU,16/01/2018,-8,4.7,-18.7
ALERT UA,NU,17/01/2018,,,
ARCTIC BAY CS,NU,18/01/2018,-1,7.8,-10
QIKIQTARJUAQ CLIMATE,NU,19/01/2018,0.5,6.5,-5.8
QIKIQTARJUAQ A,NU,20/01/2018,0.8,8.6,-4.7
CAMBRIDGE BAY A,NU,21/01/2018,-2.1,7.5,-10.8
CAMBRIDGE BAY GSN,NU,22/01/2018,-1.9,7.7,-10.6
CAPE DORSET CLIMATE,NU,23/01/2018,1.6,11.2,-4.8
CAPE DORSET A,NU,24/01/2018,2,11.4,-4.7
CAPE LIVERPOOL,NU,25/01/2018,-3,7.9,-10.5
CAPE PEEL WEST,NU,26/01/2018,-3.1,6,-10.6
CLYDE RIVER CLIMATE,NU,27/01/2018,-0.8,9.8,-10.1
CLYDE RIVER A,NU,28/01/2018,0.1,13.2,-9.9
DEWAR LAKES,NU,29/01/2018,-2.9,8,-10
EUREKA CLIMATE,NU,30/01/2018,-4.5,4.6,-14.8
EUREKA A,NU,31/01/2018,-5,4.6,-14.2
FORT ROSS,NU,01/02/2018,-2.4,4.4,-12.2
GATESHEAD ISLAND,NU,02/02/2018,-3.2,4.9,-12.6
GRISE FIORD CLIMATE,NU,03/02/2018,-2.3,4.5,-11.5
HALL BEACH CLIMATE,NU,04/02/2018,-0.2,10.6,-9.8
HALL BEACH A,NU,05/02/2018,-0.7,10.5,-9.8
IQALUIT CLIMATE,NU,06/02/2018,1.7,13.8,-4.9
ISACHSEN (AUT),NU,07/02/2018,-7.9,1.3,-16.1
PANGNIRTUNG,NU,08/02/2018,2.6,11.9,-4.7
POND INLET CLIMATE,NU,09/02/2018,-1.6,6.5,-12.5
POND INLET A,NU,10/02/2018,-2.1,6.6,-10.9
REA POINT,NU,11/02/2018,-5.2,1.4,-18.3
RESOLUTE BAY A,NU,12/02/2018,-4.2,4.7,-15.7
RESOLUTE CS,NU,13/02/2018,-3.9,4.7,-15.7
ROWLEY ISLAND,NU,14/02/2018,-0.2,9,-7.9
STEFANSSON ISLAND,NU,15/02/2018,-3.8,3.8,-15.4
SVARTEVAEG,NU,16/02/2018,-7.5,1.1,-17.3
TALOYOAK A,NU,17/02/2018,-2.3,11.2,-14
WAGER BAY (AUT),NU,18/02/2018,0.5,11.2,-10.1
CAPE PROVIDENCE,NT,19/02/2018,-4.6,0.6,-13.4
HOLMAN CS,NT,20/02/2018,-2.2,4.5,-8.5
THOMSEN RIVER,NT,21/02/2018,-4.8,1.5,-12.9
MOULD BAY CS,NT,22/02/2018,-6.2,-0.3,-20
ABEE AGDM,AB,23/02/2018,3.9,18.9,-8.6
ALBERT HALL AGCM,AB,24/02/2018,6.3,26.6,-5.6
ALLIANCE AGCM,AB,25/02/2018,6.8,28.9,-4.4
ANDREW AGDM,AB,26/02/2018,5.6,25.1,-6.3
BELLSHILL AGCM,AB,27/02/2018,5.7,27.7,-2.9
BODO AGDM,AB,28/02/2018,7.4,28,-4.2
BRETON PLOTS,AB,01/03/2018,5.3,24,-6.9
BUSBY AGCM,AB,02/03/2018,5.4,24.7,-5.3
CADOGAN AGCM,AB,03/03/2018,7.2,27.2,-4.5
CALMAR,AB,04/03/2018,,4,-7
CAMROSE,AB,05/03/2018,5.8,25.9,-4.2
CONSORT AGDM,AB,06/03/2018,7.3,28.2,-2.5
CORONATION CLIMATE,AB,07/03/2018,6.5,27.9,-4
CRESTOMERE AGCM,AB,08/03/2018,5.2,25.2,-7.5
DELBURNE AGCM,AB,09/03/2018,6.3,27.3,-6
DEWBERRY AGCM,AB,10/03/2018,5.8,22.1,-6.3
EDGERTON AGCM,AB,11/03/2018,6.7,25.4,-6.8
EDMONTON INTERNATIONAL CS,AB,12/03/2018,5.5,25.4,-5.2
EDMONTON BLATCHFORD,AB,13/03/2018,6.9,26.1,-1.8
EDMONTON NAMAO AWOS A,AB,14/03/2018,3.5,13,-3.6
EDMONTON INTL A,AB,15/03/2018,5.6,25.4,-5.5
EDMONTON SOUTH CAMPUS,AB,16/03/2018,6.9,26.5,-1.8
EDMONTON VILLENEUVE A,AB,17/03/2018,6.1,24.3,-3.8
EDMONTON STONY PLAIN,AB,18/03/2018,6.6,24,-3
ELK ISLAND NAT PARK,AB,19/03/2018,6.2,25.7,-3.1
FABYAN,AB,20/03/2018,6.1,26,-5
FERINTOSH AGCM,AB,21/03/2018,6.8,26.4,-4.5
FLEET AGCM,AB,22/03/2018,6.5,28.1,-3.1
FORESTBURG PLANT SITE,AB,23/03/2018,7.3,28,-1
FORESTBURG AGCM,AB,24/03/2018,6.6,28.6,-4
FORT SASKATCHEWAN,AB,25/03/2018,11.3,27,-4
GILT EDGE NORTH AGCM,AB,26/03/2018,6.4,23.9,-5.4
ST. FRANCIS,AB,27/03/2018,5.9,24.3,-4.6
GLADSTONE AGCM,AB,28/03/2018,5.8,27.8,-4.3
GLENEVIS AGCM,AB,29/03/2018,5.7,23.8,-5.3
GOOSEBERRY LAKE AGCM,AB,30/03/2018,6.7,28.5,-4.2
HALKIRK AGCM,AB,31/03/2018,6.4,27.8,-4.9
HEMARUKA AGCM,AB,01/04/2018,7,28.6,-4.7
HOLDEN AGDM,AB,02/04/2018,5.9,27.2,-4.6
HUGHENDEN AGCM,AB,03/04/2018,6.1,22.8,-3.6
KILLAM AGDM,AB,04/04/2018,6.5,28.2,-4.6
KINSELLA RESEARC STATION,AB,05/04/2018,6,26.9,-4.5
KITSCOTY AGCM,AB,06/04/2018,6,22.3,-6.1
LEGAL AGCM,AB,07/04/2018,5.7,25.5,-5.6
LINDBERGH AGDM,AB,08/04/2018,4.8,20.5,-8.7
LLOYDMINSTER,AB,09/04/2018,5.7,22,-8
LLOYDMINSTER A,AB,10/04/2018,5.8,22,-8
MANNVILLE AGCM,AB,11/04/2018,5.7,24.4,-6.3
MONITOR,AB,12/04/2018,,,
MUNDARE AGDM,AB,13/04/2018,5.8,26.4,-3.2
MYRNAM AGCM,AB,14/04/2018,6,24.3,-8.5
NEW SAREPTA AGCM,AB,15/04/2018,5.2,25.7,-4.9
OLIVER AGDM,AB,16/04/2018,5.5,21.5,-4.2
RADWAY AGCM,AB,17/04/2018,5.8,26.6,-5
RANFURLY AUTO,AB,18/04/2018,6.1,26.1,-3.9
RIBSTONE SOUTH AGCM,AB,19/04/2018,7.3,25.5,-8.3
RIVERCOURSE AGCM,AB,20/04/2018,5.9,22.6,-7.7
ROCKY MTN HOUSE (AUT),AB,21/04/2018,5.1,23.8,-6.1
ROSALIND AGCM,AB,22/04/2018,6.3,27.8,-3.2
ST. LINA AGCM,AB,23/04/2018,4.4,17.7,-7.9
ST. PAUL AGCM,AB,24/04/2018,5.9,23.5,-6.1
SEDALIA AGCM,AB,25/04/2018,7.5,29.2,-3.2
SHONTS AGCM,AB,26/04/2018,5.8,27,-4.1
SMOKY LAKE AGDM,AB,27/04/2018,5.2,23.8,-6.2
SPONDIN AGCM,AB,28/04/2018,6.7,28.7,-4.2
STETTLER AGDM,AB,29/04/2018,6,26.7,-5.2
THORSBY AGCM,AB,30/04/2018,5,25.3,-4.8
TOMAHAWK AGDM,AB,01/05/2018,5.6,23.3,-5
TULLIBY LAKE AGCM,AB,02/05/2018,5.8,22.6,-9
UNCAS,AB,03/05/2018,,,
TWO HILLS AGDM,AB,04/05/2018,5.8,24.5,-4.8
VERMILION AGDM,AB,05/05/2018,6.7,23.3,-1.3
VIKING AGCM,AB,06/05/2018,6,27,-3.5
VILNA AGCM,AB,07/05/2018,5.5,24.5,-6.9
VIOLET GROVE CS,AB,08/05/2018,5.2,22.4,-5.5
VEGREVILLE,AB,09/05/2018,6,26.9,-4.7
WETASKIWIN AGCM,AB,10/05/2018,5.5,24.9,-4.8
YOUNGSTOWN AGCM,AB,11/05/2018,7.4,29.5,-4.9
EDMONTON STONY PLAIN CS,AB,12/05/2018,5.9,23.3,-3.1
ESTHER 1,AB,13/05/2018,7.2,28.4,-3.2
UNIVERSITY OF ALBERTA METABOLIC CENTRE,AB,14/05/2018,7.2,26,-1
WAINWRIGHT CFB AIRFIELD 21,AB,15/05/2018,9.9,26.5,-0.6
ACADIA VALLEY,AB,16/05/2018,8.9,29.8,-3.6
ATLEE AGCM,AB,17/05/2018,8.7,29.2,-4.7
BEISEKER AGCM,AB,18/05/2018,6.4,28.9,-8.3
BIG VALLEY AGCM,AB,19/05/2018,6.8,27.8,-5.2
BUFFALO AGCM,AB,20/05/2018,8.9,30.3,-5.2
CABIN LAKE AGCM,AB,21/05/2018,8,30.3,-6.8
CAPPON,AB,22/05/2018,8,29.9,-4.3
CEREAL AGCM,AB,23/05/2018,8,30,-3.2
CRAIGMYLE AGCM,AB,24/05/2018,6.8,28.8,-5
CRAIGMYLE,AB,25/05/2018,7.2,29.5,-6
DRUMHELLER EAST,AB,26/05/2018,8.2,30.8,-6.1
FINNEGAN AGCM,AB,27/05/2018,7.9,29.7,-7.3
HAND HILLS AGCM,AB,28/05/2018,6.6,27.8,-6.7
HESPERO AGCM,AB,29/05/2018,5.5,27.7,-7.8
HUSSAR AGDM,AB,30/05/2018,6.6,28.2,-7.6
KIRRIEMUIR AGCM,AB,31/05/2018,7.4,28.5,-3
LACOMBE CDA 2,AB,01/06/2018,5.9,26.6,-6.4
LEEDALE AGDM,AB,02/06/2018,4.6,26.5,-8.8
LINDEN AGCM,AB,03/06/2018,5.7,24.8,-8.6
LODGE CREEK,AB,04/06/2018,9,27.6,-6.6
MORRIN AGDM,AB,05/06/2018,6.3,27.5,-7.2
OLDS AGDM,AB,06/06/2018,6,27.5,-5.4
OYEN AGDM,AB,07/06/2018,6.7,26.2,-3.5
PATRICIA AGCM,AB,08/06/2018,8.9,30.8,-8.5
POLLOCKVILLE AGDM,AB,09/06/2018,7.8,29.4,-7.4
PRENTISS,AB,10/06/2018,5.6,26,-5.2
RED DEER REGIONAL A,AB,11/06/2018,6,26.9,-7.7
ST. ALBERT RESEARCH STATION,AB,12/06/2018,5.8,25.7,-5.1
SCHULER AGDM,AB,13/06/2018,9.3,30.1,-4.6
SHEERNESS AGCM,AB,14/06/2018,7.3,28.3,-5.1
SUNNYNOOK AGCM,AB,15/06/2018,7.2,29.5,-6.6
THREE HILLS,AB,16/06/2018,6.1,29.5,-9.8
VERGER,AB,17/06/2018,8,29.6,-8
SUNDRE A,AB,18/06/2018,5.3,27.7,-5.9
WIMBORNE AGCM,AB,19/06/2018,6.2,27.1,-9.2
ARDENVILLE,AB,20/06/2018,8.8,29.2,-4
AZURE,AB,21/06/2018,7,28.8,-3.6
BARNWELL AGDM,AB,22/06/2018,9.6,30.9,-3.1
BARONS AGCM,AB,23/06/2018,8.6,30.6,-3.2
BASSANO AGCM,AB,24/06/2018,7.7,29.4,-7.4
BLACK DIAMOND,AB,25/06/2018,6.5,28.2,-3.6
BLACKIE AGCM,AB,26/06/2018,7.3,29.2,-3.8
BLOOD TRIBE AGDM,AB,27/06/2018,8.8,30.2,-3.1
BOW ISLAND,AB,28/06/2018,10.2,31.4,-3.3
BOW ISLAND IRRIGATION AGDM,AB,29/06/2018,10.1,31.1,-2.8
BROCKET AGDM,AB,30/06/2018,8.9,29.5,-3.6
BULL SPRINGS AGCM,AB,01/07/2018,9.6,30.2,-5.6
BROOKS,AB,02/07/2018,9,31.1,-7.1
CALGARY INTL A,AB,03/07/2018,7.3,27.8,-3.2
CALGARY INT'L CS,AB,04/07/2018,7.2,27.9,-3.4
CARDSTON,AB,05/07/2018,9.3,28.8,-3
CARWAY,AB,06/07/2018,8.2,26.8,-4.3
CHAMPION AGDM,AB,07/07/2018,8.1,30.3,-4.5
CLARESHOLM,AB,08/07/2018,8.4,30,-3.4
COP UPPER,AB,09/07/2018,6.5,27.2,-4.4
ENCHANT AGDM,AB,10/07/2018,9.2,31.3,-3.5
ETZIKOM AGCM,AB,11/07/2018,10,31.2,-4.3
FINCASTLE AGDM,AB,12/07/2018,10.3,32.1,-2.8
FOREMOST AGDM,AB,13/07/2018,10,31.1,-3.4
FORT MACLEOD AGCM,AB,14/07/2018,8.9,30.4,-3
GLEICHEN AGCM,AB,15/07/2018,7.3,30.2,-6.9
GRASSY LAKE,AB,16/07/2018,10.2,31.1,-3.1
IRON SPRINGS AGDM,AB,17/07/2018,9.2,31,-2.9
PRIDDIS OBSERVATORY,AB,18/07/2018,6.1,27.1,-4.7
IRVINE AGCM,AB,19/07/2018,10.3,31.2,-4.3
KEOMA AGCM,AB,20/07/2018,6.8,29.5,-7.4
LATHOM AGCM,AB,21/07/2018,8.2,31,-8
LETHBRIDGE,AB,22/07/2018,10.3,31.1,-1.1
LETHBRIDGE AGTECH AGCM,AB,23/07/2018,9.5,31.1,-2.2
LETHBRIDGE CDA,AB,24/07/2018,10,31.2,-2
LETHBRIDGE CDA 2,AB,25/07/2018,,,
LETHBRIDGE DEMO FARM AGDM,AB,26/07/2018,9.4,30.7,-2.3
MEDICINE HAT,AB,27/07/2018,12.2,30.5,-2.9
MEDICINE HAT RCS,AB,28/07/2018,10.8,30.6,-3.8
MOSSLEIGH AGCM,AB,29/07/2018,7.5,30.4,-5
NIER AGDM,AB,30/07/2018,5.9,27.9,-4.5
PINCHER CREEK,AB,31/07/2018,9.8,28.5,-1
PINCHER CREEK CLIMATE,AB,01/08/2018,8.2,28.4,-4.8
QUEENSTOWN,AB,02/08/2018,6.4,31,-9
QUEENSTOWN,AB,03/08/2018,7.2,30.9,-7.5
RAINIER AGCM,AB,04/08/2018,9.3,31.8,-5.1
RALSTON AGCM,AB,05/08/2018,9.6,30.9,-5.2
RAYMOND AGDM,AB,06/08/2018,9.7,30.5,-2.6
ROLLING HILLS AGCM,AB,07/08/2018,9.2,31.3,-6.8
ROSEMARY AGDM,AB,08/08/2018,7.8,29.4,-8.9
SEVEN PERSONS AGDM,AB,09/08/2018,10,29.9,-4.7
SOCIAL PLAINS AGCM,AB,10/08/2018,9.1,30.2,-3.2
STANDARD AGCM,AB,11/08/2018,7.6,29.6,-6.9
STAVELY AAFC,AB,12/08/2018,6.9,26.6,-6
STRATHMORE AGDM,AB,13/08/2018,7.2,28.8,-5.6
TABER,AB,14/08/2018,11.1,32,1
TIDE LAKE AGCM,AB,15/08/2018,9.1,30.5,-8.4
TRAVERS AGCM,AB,16/08/2018,8.8,30.6,-4.5
VAUXHALL CDA CS,AB,17/08/2018,9.6,31.7,-3.6
WRENTHAM AGDM,AB,18/08/2018,8.8,26.1,-2.9
OKOTOKS,AB,19/08/2018,7.9,29,-3
PICTURE BUTTE WEST,AB,20/08/2018,9,31,-3.5
DEL BONITA AGDM,AB,21/08/2018,8.7,27.2,-4.6
MANYBERRIES AGCM,AB,22/08/2018,9.9,29.6,-6.8
MASINASIN AGDM,AB,23/08/2018,10,31.5,-2.4
MILK RIVER,AB,24/08/2018,9.9,31.6,-2.7
ONEFOUR CDA,AB,25/08/2018,10.7,29.5,-2.9
PAKOWKI LAKE AGCM,AB,26/08/2018,10.3,31.6,-2.9
PINHORN AGCM,AB,27/08/2018,9.8,29.9,-3.7
WARNER AGCM,AB,28/08/2018,9.7,30.8,-3.2
BANFF CS,AB,29/08/2018,6.1,24.4,-3.2
BEAVER MINES,AB,30/08/2018,7.5,27.2,-7.1
BOW VALLEY,AB,31/08/2018,6,26.2,-3.1
CROWSNEST,AB,01/09/2018,7.1,25.9,-4.6
JASPER WARDEN,AB,02/09/2018,6.2,23.2,-9.3
PEKISKO,AB,03/09/2018,5.5,25.9,-5.6
WATERTON PARK GATE,AB,04/09/2018,8.2,28.3,-4.2
NAKISKA RIDGETOP,AB,05/09/2018,0.6,14.5,-10.4
ATHABASCA AGCM,AB,06/09/2018,5.6,23.8,-5.3
ATMORE AGDM,AB,07/09/2018,5.3,23.8,-7.2
BARRHEAD CS,AB,08/09/2018,5.9,23.8,-4.2
BRULE BLACK CAT,AB,09/09/2018,5.2,22,-4.5
CAMPSIE AUTO,AB,10/09/2018,5.7,22.2,-3.5
CARROT CREEK,AB,11/09/2018,5,21.7,-6.3
DAPP AGDM,AB,12/09/2018,5.3,23.9,-7
EDSON,AB,13/09/2018,4.5,19.6,-5.7
EDSON CLIMATE,AB,14/09/2018,5.1,20.5,-5.4
ENTWISTLE,AB,15/09/2018,6.7,23.5,-5.5
EVANSBURG2 AGCM,AB,16/09/2018,5.2,24,-6.4
FORT ASSINIBOINE AGCM,AB,17/09/2018,3.8,16.8,-5.5
FORT MCMURRAY CS,AB,18/09/2018,3.9,17.1,-9.8
FORT MCMURRAY A,AB,19/09/2018,4.7,16.7,-9.3
HENDRICKSON CREEK,AB,20/09/2018,2.2,19.9,-10
ISLAND LAKE SOUTH,AB,21/09/2018,5.4,22.2,-5
KINIKINIK,AB,22/09/2018,5.6,24.7,-7.2
LAC LA BICHE CLIMATE,AB,23/09/2018,5.4,18.6,-6.2
MILDRED LAKE,AB,24/09/2018,5.1,17.6,-6.6
PLEASANT VIEW,AB,25/09/2018,5.1,22.4,-5.2
RICH LAKE AGDM,AB,26/09/2018,4.3,21.3,-10
ISPAS,AB,27/09/2018,5.9,24.8,-5.1
SLAVE LAKE,AB,28/09/2018,5.3,16.7,-3.8
SLAVE LAKE RCS,AB,29/09/2018,5.8,21.2,-4
TAWATINAW AGCM,AB,30/09/2018,6.2,23.9,-2.6
WHITECOURT A,AB,01/10/2018,,20.5,
WILLOW CREEK 1,AB,02/10/2018,3.8,21.3,-9.4
BALLATER AGCM,AB,03/10/2018,5.2,20.5,-9.3
BEAVERLODGE RCS,AB,04/10/2018,4.6,19.8,-6.9
BROWNVALE AGCM,AB,05/10/2018,4.1,18.3,-10.6
CLEAR HILLS AGCM,AB,06/10/2018,3.9,19.1,-8
DEADWOOD AGCM,AB,07/10/2018,4.4,18.9,-7.3
EAGLESHAM AGCM,AB,08/10/2018,5,19.3,-8.6
EGG ISLAND,AB,09/10/2018,9.3,13.5,4.9
FAIRVIEW AGDM,AB,10/10/2018,4.2,17.7,-8.8
FORT CHIPEWYAN,AB,11/10/2018,3.1,15.8,-12.6
FORT CHIPEWYAN RCS,AB,12/10/2018,3.2,16.5,-11.9
FORT VERMILION,AB,13/10/2018,3.6,19.9,-10.5
GRANDE PRAIRIE A,AB,14/10/2018,5.2,20.6,-8
HAWK HILLS AGCM,AB,15/10/2018,3.5,19.5,-10.6
HIGH LEVEL,AB,16/10/2018,3.5,19.6,-11.2
HIGH LEVEL A,AB,17/10/2018,3.6,19.5,-11
JEAN COTE AGCM,AB,18/10/2018,4.8,20.1,-8.7
KEG RIVER AGCM,AB,19/10/2018,3.9,20.2,-11.4
LA CRETE AGCM,AB,20/10/2018,4,19.7,-10.8
LA GLACE AGCM,AB,04/01/2018,4.2,21.3,-8.8
MANNING AGDM,AB,06/01/2018,4.2,20.5,-10.8
CLEARDALE AGDM,AB,06/01/2018,4.9,18,-7.3
PEACE RIVER A,AB,06/01/2018,4.2,18.9,-10.2
PEORIA AGDM,AB,06/01/2018,5.1,18.6,-8.7
RED EARTH,AB,06/01/2018,3.8,18,-8.1
ROCKY LANE AGCM,AB,06/01/2018,3.1,20.1,-12.8
RYCROFT AGCM,AB,06/01/2018,5.4,18,-9.2
SAVANNA AGCM,AB,06/01/2018,4.5,18.8,-8.6
SWEETGRASS LANDING,AB,06/01/2018,,,
TEEPEE CREEK AGCM,AB,06/01/2018,5,19.3,-8.9
TOMPKINS LANDING AGCM,AB,06/01/2018,4,19.7,-11.1
VALLEYVIEW AGDM,AB,06/01/2018,5.3,20.9,-8
GARDEN RIVER,AB,06/01/2018,1.7,14.6,-11.8
COLD LAKE A,AB,06/01/2018,5.7,21.7,-7.6
DUPRE AGCM,AB,06/01/2018,5.3,21.1,-10.3
BRATT'S LAKE CLIMATE,SK,06/01/2018,8.3,29.2,-7.3
BROADVIEW,SK,06/01/2018,8,28.1,-8
BUFFALO POUND LAKE,SK,06/01/2018,8.9,27.5,-5
ESTEVAN A,SK,06/01/2018,9.4,30.5,-5.9
ESTEVAN,SK,06/01/2018,9.4,30.6,-6.7
INDIAN HEAD CDA,SK,06/01/2018,7.6,28,-9.6
KELLIHER,SK,06/01/2018,8.2,25,-7
KIPLING,SK,06/01/2018,8.6,27,-6.5
LANGENBURG,SK,09/07/2017,8.3,27,-7
LAST MOUNTAIN CS,SK,09/07/2017,7.1,22.9,-7.8
LEROY,SK,09/07/2017,7.8,23,-8
LIPTON 2,SK,09/07/2017,10.9,26.5,-0.5
MOOSE JAW CS,SK,09/07/2017,8.6,29.5,-6.5
MUENSTER,SK,09/07/2017,5.5,19,-11
OXBOW,SK,09/07/2017,10.2,30,-6
QU'APPELLE 1,SK,09/07/2017,9,28.5,-6.5
REGINA RCS,SK,09/07/2017,8.5,28.2,-6.8
WATROUS EAST,SK,09/07/2017,7.4,23.4,-7.5
YELLOW GRASS NORTH,SK,09/07/2017,10.8,30.6,-8.7
YORKTON,SK,06/01/2018,8,26.2,-8
YORKTON,SK,09/07/2017,8,26.5,-7.8
WYNYARD (AUT),SK,09/07/2017,7.3,22.4,-5.6
WEYBURN,SK,09/07/2017,9.2,29.8,-7
ASSINIBOIA AIRPORT,SK,09/07/2017,9.2,29.5,-5.7
BEECHY,SK,09/07/2017,9,31,-8.5
ELBOW CS,SK,09/07/2017,8.3,27.1,-7.7
ELBOW 2 NE,SK,09/07/2017,9.5,27.5,-11.5
LUCKY LAKE,SK,09/07/2017,8.4,29.2,-7.4
MAPLE CREEK,SK,09/07/2017,10.1,28.3,-4.7
ROCK POINT,SK,09/07/2017,8.9,29,-8
STEWART VALLEY,SK,09/07/2017,9.9,26.5,0
SWIFT CURRENT,SK,09/07/2017,10.4,28.3,-2.9
SWIFT CURRENT CDA,SK,09/07/2017,9.2,28.1,-6.4
LEADER AIRPORT,SK,09/07/2017,8.9,30,-3
CORONACH SPC,SK,09/07/2017,9.2,30.3,-7.5
CYPRESS HILLS PARK,SK,09/07/2017,8.1,25,-7.3
EASTEND CYPRESS (AUT),SK,09/07/2017,9.3,27.9,-6.2
MANKOTA,SK,09/07/2017,9.3,28.7,-7.9
ROCKGLEN (AUT),SK,09/07/2017,9.4,27.9,-5.9
VAL MARIE SOUTHEAST,SK,09/07/2017,10.1,30.2,-7.6
BICKLEIGH,SK,09/07/2017,8.6,30.5,-7
BUTTE ST PIERRE,SK,09/07/2017,6.3,23.5,-3.5
KINDERSLEY A,SK,09/07/2017,8.1,29.2,-3.6
NORTH BATTLEFORD RCS,SK,09/07/2017,6.5,22.8,-10.3
NORTH BATTLEFORD,SK,09/07/2017,6.9,22.8,-10.4
ROSETOWN EAST,SK,09/07/2017,7.6,28.8,-9
SCOTT CDA,SK,09/07/2017,6.5,27.1,-8.7
SONNINGDALE,SK,09/07/2017,7.6,21,-6
WASECA RCS,SK,09/07/2017,6,22.6,-7.6
HOEY,SK,09/07/2017,,,
MELFORT,SK,09/07/2017,6.9,22,-8.4
OUTLOOK PFRA,SK,09/07/2017,8.2,25.6,-8.3
PILGER,SK,09/07/2017,6.7,22,-6.6
PRINCE ALBERT A,SK,09/07/2017,6.2,21.7,-8.1
PRINCE ALBERT GLASS FIELD,SK,09/07/2017,6,21.1,-7.7
SASKATOON RCS,SK,09/07/2017,7.4,23.5,-8.7
BUFFALO NARROWS (AUT),SK,09/07/2017,5.4,18.8,-5.2
CIGAR LAKE,SK,09/07/2017,1.7,17,-14
COLLINS BAY SK,SK,09/07/2017,2.3,17.1,-12.3
COLLINS BAY CAMECO,SK,09/07/2017,2.3,18,-12
ISLAND FALLS (AUT),SK,09/07/2017,5.2,19.1,-5.4
JIMMY LAKE AWOS,SK,09/07/2017,4.4,21.5,-5.7
KEY LAKE,SK,09/07/2017,2.9,19.3,-8
KEY LAKE,SK,09/07/2017,3.7,19.5,-6
KEY LAKE,SK,09/07/2017,4,19.7,-6
LA RONGE RCS,SK,09/07/2017,5.1,18.9,-6.7
LA RONGE A,SK,09/07/2017,5,19.9,-8.9
LOON LAKE RCS,SK,09/07/2017,5.3,20.1,-7
MEADOW LAKE A,SK,09/07/2017,,20.7,
SOUTHEND,SK,06/01/2018,4,20.4,-6.7
SPIRITWOOD WEST,SK,09/07/2017,5.5,20,-7.6
STONY RAPIDS,SK,09/07/2017,2.5,18.5,-12.4
WASKESIU LAKE,SK,09/07/2017,5.6,19.7,-5.1
MEADOW LAKE,SK,09/07/2017,5.2,20.8,-7.6
URANIUM CITY (AUT),SK,09/07/2017,3,16.5,-6.9
NIPAWIN,SK,09/07/2017,5.3,21.2,-6.6
NIPAWIN,SK,09/07/2017,6.2,21.1,-6.8
HUDSON BAY(AUT),SK,09/07/2017,6.3,19.2,-8.1
PELLY 2,SK,09/07/2017,4.8,19,-7
BALDUR,MB,09/07/2017,9.3,26.5,-4.5
BRANDON A,MB,09/07/2017,9,28.3,-6.8
BRANDON RCS,MB,09/07/2017,9.2,28.1,-5.6
CARBERRY CS,MB,09/07/2017,9.7,28.3,-5.3
CYPRESS RIVER RCS,MB,09/07/2017,10.2,28.2,-4
ELKHORN 2 EAST,MB,09/07/2017,8.9,28.5,-5
PORTAGE ROMANCE,MB,09/03/2017,,,
PORTAGE LA PRAIRIE CDA,MB,09/03/2017,,,
PORTAGE SOUTHPORT,MB,09/03/2017,11.2,27.3,-4.2
ROBLIN,MB,09/03/2017,7.3,26.5,-7.4
SHOAL LAKE CS,MB,09/03/2017,7.9,26.5,-6.7
WASAGAMING,MB,09/03/2017,7.1,26.3,-8.1
MELITA,MB,09/03/2017,10,28.6,-5.9
ROBLIN FRIESEN 3 NORTHWEST,MB,09/03/2017,,,
RIVERS PETTAPIECE,MB,09/03/2017,,,
ROSSBURN 4 NORTH,MB,09/07/2017,,,
DEERWOOD RCS,MB,09/07/2017,11.1,28.2,-4.3
EMERSON AUTO,MB,09/07/2017,11.6,31.7,-3.3
GRETNA (AUT),MB,09/07/2017,11.3,30.4,-3.1
HOLLAND,MB,09/07/2017,,,
KLEEFELD (MAFRI),MB,09/07/2017,10.8,29.2,-4.2
MARQUETTE,MB,09/07/2017,10.8,26.5,-2
MORDEN CDA CS,MB,09/07/2017,11.4,27.4,-3.2
OAKBANK,MB,09/07/2017,,,
PILOT MOUND (AUT),MB,09/07/2017,10,27.2,-4.5
ST LABRE,MB,09/07/2017,,,
SCHANZENFELD,MB,09/07/2017,,,
SPRAGUE,MB,09/07/2017,11.4,32.8,-6.4
STONY MOUNTAIN,MB,09/07/2017,10.9,27,-5
WINNIPEG CHARLESWOOD 2,MB,09/07/2017,,,
WINNIPEG THE FORKS,MB,09/08/2017,11.9,27.1,-2.2
CARMAN U OF M CS,MB,10/08/2017,10.5,28.4,-4.2
WINNIPEG A CS,MB,11/08/2017,10.7,28.1,-5.2
BERENS RIVER CS,MB,12/08/2017,7.9,21.5,-7.5
GEORGE ISLAND (AUT),MB,13/08/2017,9.9,19.1,-1
FISHER BRANCH (AUT),MB,14/08/2017,9,26.7,-4.7
GIMLI HARBOUR CS,MB,15/08/2017,10.8,24,-0.5
GIMLI CLIMATE,MB,16/08/2017,10,26,-3.8
GRAND RAPIDS HYDRO,MB,17/08/2017,4.5,16,-8
GREAT FALLS CLIMATE,MB,18/08/2017,10.3,26.2,-1
HODGSON 3,MB,19/08/2017,8.4,24,-5.5
INDIAN BAY,MB,20/08/2017,10.9,30.5,-5
GRAND RAPIDS (AUT),MB,21/08/2017,6.5,22.3,-7
PINAWA CANWARN,MB,22/08/2017,,,
RENNIE,MB,23/08/2017,9.1,31.5,-3
VICTORIA BEACH (AUT),MB,24/08/2017,11.6,25.6,0.6
PINAWA,MB,25/08/2017,10.5,27.7,-3.2
BEAVER,MB,26/08/2017,,,
DAUPHIN CS,MB,27/08/2017,8.8,28.2,-5.3
DAUPHIN,MB,28/08/2017,10.1,28.4,-5.7
COWAN,MB,29/08/2017,7.4,25,-5
MAFEKING,MB,30/08/2017,7.4,20.5,-6
MCCREARY,MB,31/08/2017,9.5,27.4,-3.4
OAKPOINT MARINE,MB,01/09/2017,10,24.1,-2.7
SWAN RIVER RCS,MB,02/09/2017,7.3,24.5,-7.1
FLIN FLON,MB,03/09/2017,5.9,18.8,-5.4
FLIN FLON,MB,04/09/2017,6.4,18.5,-4
THE PAS A,MB,05/09/2017,6.3,18.2,-6.1
THE PAS CLIMATE,MB,06/09/2017,6.4,18.1,-6.3
CHURCHILL,MB,07/09/2017,3.6,15.4,-4.1
CHURCHILL CLIMATE,MB,08/09/2017,3.9,15.4,-4.1
CROSS LAKE JENPEG 2,MB,09/09/2017,5.9,18.3,-3.7
GILLAM,MB,10/09/2017,4.9,15.9,-5.6
GILLAM A,MB,11/09/2017,4.7,15.8,-6.2
ISLAND LAKE A,MB,12/09/2017,7.2,20.1,-3.5
KELSEY DAM CS,MB,13/09/2017,4.8,18,-5.6
LYNN LAKE,MB,14/09/2017,4.6,19.7,-6.6
LYNN LAKE RCS,MB,15/09/2017,3.5,19.5,-10.2
NORWAY HOUSE,MB,16/09/2017,7.3,21.5,-7.5
TADOULE LAKE,MB,17/09/2017,0.1,8.7,-6.6
TADOULE LAKE CS,MB,18/09/2017,3.1,13.8,-6.5
THOMPSON A,MB,19/09/2017,4,18.5,-11.1
ATTAWAPISKAT A,ON,20/09/2017,8.5,25.9,-3.3
BIG TROUT LAKE A,ON,21/09/2017,6.8,20.8,-3
BIG TROUT LAKE,ON,22/09/2017,6.8,20.8,-3.4
EAR FALLS (AUT),ON,23/09/2017,10.4,25,-3.2
FORT SEVERN A,ON,24/09/2017,2.4,6.9,-2.6
LANSDOWNE HOUSE (AUT),ON,25/09/2017,7.6,21.9,-5.4
MUSKRAT DAM,ON,26/09/2017,7.9,21.9,-3.4
PEAWANUCK (AUT),ON,27/09/2017,5.6,18.8,-4.1
PICKLE LAKE (AUT),ON,28/09/2017,8.5,22.4,-6.4
PICKLE LAKE A,ON,29/09/2017,,22.6,
RED LAKE A,ON,30/09/2017,,24.4,
SANDY LAKE A,ON,01/10/2017,6.8,20.1,-7.1
BARWICK,ON,02/10/2017,13.1,31,-2
ATIKOKAN (AUT),ON,03/10/2017,10.7,28.7,-3.1
FORT FRANCES RCS,ON,04/10/2017,11.7,27.9,-3.5
MINE CENTRE SOUTHWEST,ON,05/10/2017,13,30,-2
DRYDEN REGIONAL,ON,06/10/2017,10.9,26.5,-2.7
KENORA RCS,ON,07/10/2017,11.6,29.1,-2.7
KENORA A,ON,08/10/2017,11.8,29,-2.5
RAWSON LAKE,ON,09/10/2017,13.2,19.5,4
RAWSON LAKE (AUT),ON,10/10/2017,11.5,29.4,-2.9
ROYAL ISLAND (AUT),ON,11/10/2017,13.4,29.6,0
SIOUX LOOKOUT A,ON,12/10/2017,10.8,28.4,-3.5
SIOUX LOOKOUT AIRPORT,ON,13/10/2017,7.9,27.8,-1.4
ARMSTRONG (AUT),ON,14/10/2017,9.1,26.8,-5.9
CAMERON FALLS (AUT),ON,15/10/2017,11.7,25.4,-1.5
CARIBOU ISLAND (AUT),ON,16/10/2017,13.5,21.4,3.6
GERALDTON A,ON,17/10/2017,10.1,26.2,-3
HAZELWOOD,ON,18/10/2017,,,
PUKASKWA (AUT),ON,19/10/2017,11.4,23.6,-1.4
TERRACE BAY AIRPORT,ON,20/10/2017,10,21.4,-2.2
THUNDER BAY,ON,21/10/2017,12.8,28.1,-2.9
THUNDER BAY BURWOOD,ON,22/10/2017,14.9,29,-1
THUNDER BAY CS,ON,23/10/2017,12.7,28.2,-2
UPSALA (AUT),ON,24/10/2017,10.7,27.5,-3.7
WELCOME ISLAND (AUT),ON,25/10/2017,13.3,23.6,1.6
LITTLE FLATLAND ISLAND (AUT),ON,26/10/2017,12.7,24.1,1.6
LAKE SUPERIOR PROVINCIAL PARK,ON,27/10/2017,12,25.9,-1.1
SAULT STE MARIE A,ON,28/10/2017,14.3,29.4,-2.2
WAWA A,ON,29/10/2017,,24.7,
KILLARNEY (AUT),ON,30/10/2017,15.7,24.9,4.2
CHAPLEAU A,ON,31/10/2017,,27.7,
MASSEY,ON,01/11/2017,14.9,27.5,0.5
MONETVILLE 2,ON,02/11/2017,15.6,29.5,2
SUDBURY CLIMATE,ON,03/11/2017,13.8,28.8,-0.5
SUDBURY A,ON,04/11/2017,14.1,28.7,-0.2
BONNER LAKE,ON,05/11/2017,12.3,28.5,-2
EARLTON A,ON,06/11/2017,12.9,29.1,-0.1
EARLTON CLIMATE,ON,07/11/2017,12.6,29,-0.6
KAPUSKASING A,ON,08/11/2017,11.5,28.4,-2.2
KAPUSKASING CDA ON,ON,09/11/2017,11.6,28.8,-2.5
KIRKLAND LAKE CS,ON,10/11/2017,12.7,28.3,-0.4
MOOSONEE,ON,11/11/2017,9.7,26.2,-5.4
MOOSONEE UA,ON,12/11/2017,11.2,26,-6
MOOSONEE RCS,ON,13/11/2017,10.5,25.9,-4.7
NAGAGAMI (AUT),ON,14/11/2017,10.4,27.4,-2.6
OGOKI POST A,ON,15/11/2017,8.4,24.9,-5.7
TIMMINS CLIMATE,ON,16/11/2017,11.9,28.4,-3.2
TIMMINS A,ON,17/11/2017,11.5,28.8,-3.7
ALGONQUIN PARK EAST GATE,ON,18/11/2017,13.5,28.5,-0.9
NORTH BAY A,ON,19/11/2017,14.3,29,0
NORTH BAY AIRPORT,ON,20/11/2017,13.9,28.3,0
GORE BAY CLIMATE,ON,21/11/2017,15.9,26.9,4.7
GREAT DUCK ISLAND (AUT),ON,22/11/2017,16.2,26.3,4.6
APPLETON,ON,23/11/2017,15.6,32,2
BROCKVILLE CLIMATE,ON,24/11/2017,16.6,31.4,3.2
BROCKVILLE PCC,ON,25/11/2017,17.8,32,5
CHALK RIVER AECL,ON,26/11/2017,16.8,30.5,5.5
CORNWALL,ON,27/11/2017,19.1,34,5.5
DRUMMOND CENTRE,ON,28/11/2017,16.7,32,4
HARTINGTON IHD,ON,29/11/2017,17.6,31,4
KEMPTVILLE CS,ON,30/11/2017,16.7,33.5,3.4
KINGSTON CLIMATE,ON,01/12/2017,17.3,30.8,4.1
LYNDHURST SHAWMERE,ON,02/12/2017,18.2,32.5,4.5
MOOSE CREEK WELLS,ON,03/12/2017,16.3,33.5,0.6
OMPAH-SEITZ,ON,04/12/2017,15.5,31,2.5
OTTAWA CDA,ON,05/12/2017,16.8,32,4
OTTAWA CDA RCS,ON,06/12/2017,16.5,32.5,4.5
OTTAWA INTL A,ON,07/12/2017,16.4,32,3.4
PEMBROKE CLIMATE,ON,08/12/2017,13.1,29.2,0.2
PETAWAWA AWOS 2,ON,09/12/2017,15.8,31,2.2
ST. ALBERT,ON,10/12/2017,16.9,33,3
PETAWAWA HOFFMAN,ON,11/12/2017,16.2,31,3.5
BALDWIN,ON,12/12/2017,17,33.5,1.5
BARRIE LANDFILL,ON,13/12/2017,19.2,32.5,4.5
BEATRICE CLIMATE,ON,14/12/2017,14.5,30.2,0.1
COLDWATER WARMINSTER,ON,15/12/2017,17.5,33,4.5
COLLINGWOOD,ON,16/12/2017,17.3,34,4.7
LAGOON CITY,ON,17/12/2017,17,29.8,4.6
MARKDALE,ON,18/12/2017,16.8,30.5,2.5
MUSKOKA,ON,19/12/2017,15.9,31,0.7
NIPISSING,ON,20/12/2017,,,
ORILLIA BRAIN,ON,21/12/2017,19.4,32.5,5
PARRY SOUND CCG,ON,22/12/2017,16.6,30,5.5
SHANTY BAY,ON,23/12/2017,17.6,33.5,2.5
BARRIE-ORO,ON,24/12/2017,15.9,33,1.5
SPRUCEDALE,ON,25/12/2017,,,
THORNBURY 3,ON,26/12/2017,,,
UDORA,ON,27/12/2017,17.4,32.5,4
WIARTON A,ON,28/12/2017,16,30.7,2.3
WESTERN ISLAND (AUT),ON,29/12/2017,17.5,27.6,7.4
BORDEN AWOS,ON,30/12/2017,16.5,34.6,-1.2
EGBERT CS,ON,31/12/2017,16.5,32.3,2
COVE ISLAND (AUT),ON,01/01/2018,16.9,26.2,7.6
GODERICH,ON,02/01/2018,16.9,29.9,3.5
SARNIA,ON,03/01/2018,17.1,32.4,5.5
SARNIA CLIMATE,ON,04/01/2018,17.9,32.8,5.4
TOBERMORY RCS,ON,05/01/2018,15.7,26.4,4.8
WROXETER,ON,06/01/2018,,,
AMHERSTBURG,ON,07/01/2018,20.6,34.5,6.5
DELHI CS,ON,08/01/2018,18.2,30.9,4.5
FORT ERIE,ON,09/01/2018,20.2,31.5,6.5
GRIMSBY MOUNTAIN,ON,10/01/2018,19.3,33.5,6
HARROW CDA AUTO,ON,11/01/2018,19.3,31.8,6.3
KINGSVILLE MOE,ON,12/01/2018,20.5,31,8
LONG POINT (AUT),ON,13/01/2018,20.1,28.4,11.4
NEW GLASGOW,ON,14/01/2018,18.9,30,6
PORT COLBORNE,ON,15/01/2018,19.5,31,8
PORT WELLER (AUT),ON,16/01/2018,19.9,31.9,11.4
RIDGETOWN RCS,ON,17/01/2018,18.5,31.6,5.3
ST THOMAS WPCP,ON,18/01/2018,18.7,31.5,5.5
TILLSONBURG WWTP,ON,19/01/2018,,,
VINELAND STATION RCS,ON,20/01/2018,18.9,32.9,6.5
WELLAND-PELHAM,ON,21/01/2018,18.4,30.8,3.9
WINDSOR RIVERSIDE,ON,22/01/2018,20.7,34.5,7
WINDSOR A,ON,23/01/2018,17.9,32.5,6.6
PORT COLBORNE (AUT),ON,24/01/2018,19.8,30.6,10.2
POINT PELEE CS,ON,25/01/2018,20,32.5,6.4
BRANTFORD AIRPORT,ON,26/01/2018,17.7,31.2,3.2
ELORA RCS,ON,27/01/2018,16.5,31.2,1
FERGUS SHAND DAM,ON,28/01/2018,17.6,30.5,4.5
FERGUS MOE,ON,29/01/2018,16.5,31,2
GUELPH TURFGRASS,ON,30/01/2018,16.8,32,1
KITCHENER/WATERLOO,ON,31/01/2018,17.1,32.4,1.1
LONDON A,ON,01/02/2018,17.7,31.6,3.5
LONDON CS,ON,02/02/2018,18,31.6,4.1
MOUNT FOREST (AUT),ON,03/02/2018,16.6,30.3,2.3
ROSEVILLE,ON,04/02/2018,17.8,31,3
STRATHROY-MULLIFARRY,ON,05/02/2018,18.1,32,3.5
WOODSTOCK,ON,06/02/2018,18.1,32,5
BELLEVILLE,ON,07/02/2018,19,32,6.5
BURLINGTON PIERS (AUT),ON,08/02/2018,19.4,32.2,10.4
CENTREVILLE,ON,09/02/2018,18.2,32,3
COBOURG (AUT),ON,10/02/2018,17.9,28.2,7.4
COBOURG STP,ON,11/02/2018,19.1,29,8
GEORGETOWN WWTP,ON,12/02/2018,18.9,33,4
HAMILTON A,ON,13/02/2018,17.9,31.6,5.1
HAMILTON RBG CS,ON,14/02/2018,18.6,32.8,5.1
OAKVILLE TWN,ON,15/02/2018,19.7,34.5,6
OSHAWA,ON,16/02/2018,17.4,31.7,5.6
OSHAWA WPCP,ON,17/02/2018,19.4,30,2.5
PA KING CITY,ON,18/02/2018,19.7,31.4,7.7
POINT PETRE (AUT),ON,19/02/2018,18.2,29.9,5
MONO CENTRE,ON,20/02/2018,16.4,30.5,2.6
TORONTO CITY,ON,21/02/2018,19.4,32.3,9.5
TORONTO CITY CENTRE,ON,22/02/2018,19.2,29.4,9.4
TORONTO BUTTONVILLE A,ON,23/02/2018,18,33.1,4.9
TORONTO INTL A,ON,24/02/2018,19.2,34.2,6.4
TRENTON A,ON,25/02/2018,17.3,30.7,4
UXBRIDGE WEST,ON,26/02/2018,16.6,31,3.5
TORONTO NORTH YORK,ON,27/02/2018,19,33.5,5
SOUTHERN ONTARIO EMERGENCY PORTABLE WEATHER STATION,ON,28/02/2018,21.2,26.8,14.9
HALIBURTON 3,ON,01/03/2018,15.6,31,0
PETERBOROUGH,ON,02/03/2018,15.9,31.7,0.6
PETERBOROUGH TRENT U,ON,03/03/2018,16.9,32.7,2.9
SONYA SUNDANCE MEADOWS,ON,04/03/2018,,,
TAPLEY,ON,05/03/2018,,,
BANCROFT AUTO,ON,06/03/2018,14.5,30.1,-0.8
BEAUPORT,QC,07/03/2018,,,
DESCHAMBAULT,QC,08/03/2018,14,28.9,-4.8
L'ASSOMPTION,QC,09/03/2018,16.4,32,2
L'ETAPE,QC,10/03/2018,9.8,25,-6.4
SHAWINIGAN,QC,11/03/2018,14.6,29.3,-1
TROIS-RIVIERES,QC,12/03/2018,16.2,27.6,1.8
TROIS-RIVIERES,QC,13/03/2018,14.5,28.9,-2.2
VALCARTIER A,QC,14/03/2018,13.4,27.3,-5.4
LAC SAINT-PIERRE,QC,15/03/2018,16.9,28.7,3.4
STE-FOY (U. LAVAL),QC,16/03/2018,15.1,29.7,-1.7
LEMIEUX,QC,17/03/2018,14.1,29.1,-1.8
QUEBEC/JEAN LESAGE INTL,QC,18/03/2018,14.1,28.7,-2.7
FRELIGHSBURG,QC,19/03/2018,16.7,31.8,4.3
GRANBY,QC,20/03/2018,15.9,31.3,2.1
LAC MEGANTIC,QC,21/03/2018,14.4,27.3,-2.1
LENNOXVILLE,QC,22/03/2018,15.6,29.9,0.8
MCTAVISH,QC,23/03/2018,17.8,32.2,4.7
MONTREAL INTL A,QC,24/03/2018,17.6,32,4.2
NICOLET,QC,25/03/2018,15.6,29.1,1.2
STE-CLOTILDE,QC,26/03/2018,16.3,33,1.5
MONTREAL/ST-HUBERT,QC,27/03/2018,16.4,31.2,2.2
SAINT-GERMAIN-DE-GRANTHAM,QC,28/03/2018,15.1,29.3,0
SHERBROOKE,QC,29/03/2018,14.7,29.2,0.1
THETFORD MINES RCS,QC,30/03/2018,13.6,26.6,-1.5
BEAUCEVILLE,QC,31/03/2018,14,28.1,-2.6
LAC MEMPHREMAGOG,QC,01/04/2018,16,29.6,2.6
STE-ANNE-DE-BELLEVUE 1,QC,02/04/2018,17.2,32.3,4.3
ST-ANICET 1,QC,03/04/2018,16.3,33.5,0.3
L'ACADIE,QC,04/04/2018,16.2,31.3,3.3
MONTREAL/PIERRE ELLIOTT TRUDEAU INTL,QC,05/04/2018,17.6,32.4,5.1
HIGH FALLS,QC,06/04/2018,15.4,29.1,3.9
MANIWAKI AIRPORT,QC,07/04/2018,13.8,29.6,-1.2
ST-JOVITE,QC,08/04/2018,16,29.5,-0.7
BAIE-COMEAU A,QC,09/04/2018,10.5,26.2,-3.3
BAIE-COMEAU,QC,10/04/2018,10.8,26,-3.4
LOURDES DE BLANC SABLON A,QC,11/04/2018,9,20.9,-2.3
CAPE WHITTLE,QC,12/04/2018,9.3,16.9,2.7
CAP-ROUGE,QC,13/04/2018,14.6,28.9,1.8
CHARLEVOIX (MRC),QC,14/04/2018,10.2,24.8,-4.4
CHEVERY,QC,15/04/2018,9.4,22.8,-2.7
CAP-TOURMENTE,QC,16/04/2018,14.7,28.7,0.6
FORET MONTMORENCY RCS,QC,17/04/2018,9.9,25.7,-6.4
GRANDES-BERGERONNES,QC,18/04/2018,11.2,30.5,-5.4
HAVRE ST. PIERRE,QC,19/04/2018,7.9,21.1,-4.6
ILE AUX PERROQUETS,QC,20/04/2018,8,16.2,0.8
ILE ROUGE,QC,21/04/2018,10.3,20.6,3
LONGUE-POINTE-DE-MINGAN,QC,22/04/2018,8.4,21.5,-4.2
NATASHQUAN,QC,23/04/2018,10.7,22.7,-2.3
NATASHQUAN A,QC,24/04/2018,9.6,23.1,-5.8
POINTE DE L'ISLET,QC,25/04/2018,12.3,25.3,2.5
POINTE CLAVEAU,QC,26/04/2018,13.8,28,2.2
SEPT-ILES,QC,27/04/2018,8.9,25.3,-4.2
LAC EON,QC,28/04/2018,6.9,21.9,-4.2
POINTE-DES-MONTS,QC,29/04/2018,9.8,20.2,0.5
POINTE NOIRE CS,QC,30/04/2018,11,26.3,0.9
BAIE-COMEAU,QC,01/05/2018,11,27.1,-0.8
AMQUI,QC,02/05/2018,12.3,29.9,-2
CAP-D'ESPOIR,QC,03/05/2018,11.8,23.5,-0.2
CAP-MADELEINE,QC,04/05/2018,12.5,24.5,1.2
CAUSAPSCAL AIRPORT,QC,05/05/2018,11.2,30,-6.8
GASPE A,QC,06/05/2018,11.6,30.2,-4.9
HEATH POINT,QC,07/05/2018,10.6,22,-1.2
ILES DE LA MADELEINE A,QC,08/05/2018,,24.9,
ILES DE LA MADELEINE,QC,09/05/2018,16.8,24.8,8.3
LA POCATIERE,QC,10/05/2018,14.1,29.1,-2.5
MONT JOLI A,QC,11/05/2018,12.9,26.5,-0.5
MONT-JOLI,QC,12/05/2018,12.7,26.9,-1.2
NEW CARLISLE 1,QC,13/05/2018,12.7,28.2,-1.3
NEW RICHMOND EAST,QC,14/05/2018,12.5,27.8,-3.9
POINTE-AU-PERE (INRS),QC,15/05/2018,11.4,25.5,0.1
PORT-MENIER,QC,16/05/2018,10,22.1,-3.5
RIVIERE-DU-LOUP,QC,17/05/2018,13.2,28.5,-2
ILE BICQUETTE,QC,18/05/2018,10.4,20.6,3
CAP-CHAT,QC,19/05/2018,11.4,24.1,-0.2
BAGOTVILLE A,QC,20/05/2018,13.2,31,-3.2
BONNARD 1,QC,21/05/2018,9.9,25.5,-1.8
CHAMOUCHOUANE,QC,22/05/2018,11.4,27.9,-2.8
CHUTE-DES-PASSES,QC,23/05/2018,10.8,26.5,-2.1
JONQUIERE,QC,24/05/2018,13.9,29.8,0.5
LATERRIERE,QC,25/05/2018,12.3,30.1,-4.6
MISTOOK,QC,26/05/2018,14.1,29.1,0.7
NORMANDIN,QC,27/05/2018,11.8,28.5,-4.3
ONATCHIWAY,QC,28/05/2018,11.1,27.3,-5.5
ROBERVAL A,QC,29/05/2018,12.8,28.4,-3.5
LAC BENOIT,QC,30/05/2018,9.3,25.2,-3.4
MANOUANE EST,QC,31/05/2018,10,25.9,-1.8
LA BAIE,QC,01/06/2018,12.6,29.2,-2.7
PARENT,QC,02/06/2018,11.6,26.7,-5.1
SAINT-MICHEL-DES-SAINTS,QC,03/06/2018,12.1,27.5,-5
LA TUQUE,QC,04/06/2018,13.1,29.7,-6
BARRAGE TEMISCAMINGUE,QC,05/06/2018,14.9,29.5,3.1
ROUYN,QC,06/06/2018,12.4,27.9,-0.7
CHAPAIS,QC,07/06/2018,10,27.2,-7.3
CHIBOUGAMAU-CHAPAIS,QC,08/06/2018,10.2,26.8,-5.4
LA GRANDE 4 A,QC,09/06/2018,8.3,24.3,-2.6
LA GRANDE RIVIERE A,QC,10/06/2018,7.2,20.8,-2.4
LA GRANDE IV,QC,11/06/2018,7.5,24.8,-4.3
MATAGAMI A,QC,12/06/2018,8.7,27.1,-4.8
MATAGAMI,QC,13/06/2018,10.3,27.4,-4.6
VAL-D'OR,QC,14/06/2018,12,27.6,-4.2
VAL D'OR A,QC,15/06/2018,12.9,27.9,-3.7
INUKJUAK A,QC,16/06/2018,3.9,9.5,-1
KUUJJUARAPIK,QC,17/06/2018,6.4,17.2,-0.2
INUKJUAK,QC,18/06/2018,4,12.7,-1.7
KUUJJUAQ A,QC,19/06/2018,4.5,16.9,-2.3
PARC NATIONAL DES PINGUALUIT,QC,20/06/2018,-0.4,8,-7.4
RIVIERE AUX FEUILLES,QC,21/06/2018,4.1,17.1,-5.6
SALLUIT,QC,22/06/2018,0.9,10.2,-5.3
SCHEFFERVILLE A,QC,23/06/2018,5.5,23.2,-3.7
AROOSTOOK,NB,24/06/2018,14.9,31,-4.5
BAS CARAQUET,NB,25/06/2018,13.4,28.5,-2.5
BAS CARAQUET,NB,26/06/2018,,,
BATHURST A,NB,27/06/2018,13.1,31.7,-3.4
BOUCTOUCHE CDA CS,NB,28/06/2018,14.2,30.3,-2.8
CHARLO AUTO,NB,29/06/2018,12.6,30.6,-2.2
MIRAMICHI RCS,NB,30/06/2018,14,31.4,-2.5
DOAKTOWN AUTO RCS,NB,01/07/2018,13.7,30.3,-3.2
EDMUNDSTON,NB,02/07/2018,11.7,29.3,-6.6
FREDERICTON,NB,03/07/2018,13.8,30.2,-3.9
FREDERICTON CDA CS,NB,04/07/2018,14.8,29.6,-1.4
FUNDY PARK (ALMA) CS,NB,05/07/2018,14.2,25.7,0.4
GAGETOWN AWOS A,NB,06/07/2018,14.4,29.7,-3.1
GRAND MANAN SAR CS,NB,07/07/2018,13.5,28.8,-3.3
KOUCHIBOUGUAC,NB,08/07/2018,13.4,30.8,-3.7
MECHANIC SETTLEMENT,NB,09/07/2018,13.6,25.5,-1.3
MISCOU ISLAND (AUT),NB,10/07/2018,13.3,26,-0.3
MONCTON INTL A,NB,11/07/2018,14.4,28.9,-1.9
OAK POINT,NB,12/07/2018,14.7,27,-2
POINT LEPREAU CS,NB,13/07/2018,14.1,27.1,0
RED PINES,NB,14/07/2018,12.3,31.5,-4.2
SAINT JOHN A,NB,15/07/2018,13.3,26.1,-3.3
ST. STEPHEN,NB,16/07/2018,14.7,30.1,-2.8
SUSSEX FOUR CORNERS,NB,17/07/2018,14.1,28.4,-3.4
WOODSTOCK,NB,18/07/2018,14,29.5,-4.5
WOODSTOCK NEWBRIDGE,NB,19/07/2018,13,29.2,-4.8
BACCARO PT,NS,20/07/2018,15.6,25.3,5.7
BEAVER ISLAND (AUT),NS,21/07/2018,16.5,24.6,6.9
BEDFORD BASIN,NS,22/07/2018,16.8,27.6,3.1
BEDFORD RANGE,NS,23/07/2018,14.8,29,-2.6
BRIER ISLAND,NS,24/07/2018,14.8,23.5,7.6
CARIBOU POINT (AUT),NS,25/07/2018,16,29.1,3.2
CHETICAMP CS,NS,26/07/2018,13.5,26.9,1
CHETICAMP HIGHLANDS NATIONAL PARK,NS,27/07/2018,9.9,17.1,3.5
COLLEGEVILLE AUTO,NS,28/07/2018,12.7,29.9,-5.4
DEBERT,NS,29/07/2018,14,27.7,-3.1
ESKASONI FIRST NATION AUTOMATIC WEATHER STATION,NS,30/07/2018,14.5,26.6,0.6
GRAND ETANG,NS,31/07/2018,14.9,27,3.2
GREENWOOD A,NS,01/08/2018,15.1,29,-2
EMERGENCY WEATHER STATION #2,NS,02/08/2018,14.7,31,-2.8
HALIFAX DOCKYARD,NS,03/08/2018,17.3,27.3,9.7
HALIFAX INTL A,NS,04/08/2018,15.4,29,1.4
HALIFAX KOOTENAY,NS,05/08/2018,16.7,26.8,3.9
HALIFAX WINDSOR PARK,NS,06/08/2018,16.8,27.6,3.4
HART ISLAND (AUT),NS,07/08/2018,16.5,25.2,8.5
INGONISH BEACH RCS,NS,08/08/2018,14.2,29.4,-0.7
KEJIMKUJIK 1,NS,09/08/2018,15.2,28.1,-2.1
KENTVILLE CDA CS,NS,10/08/2018,15.1,28.4,-0.4
LAKE MAJOR,NS,11/08/2018,16.3,29,0
LOUISBOURG,NS,12/08/2018,14,26.9,-1
LUNENBURG,NS,13/08/2018,16.9,27.8,5.6
MALAY FALLS,NS,14/08/2018,14,28.7,-3
MCNABS ISLAND (AUT),NS,15/08/2018,16.9,27.5,4.5
NAPPAN AUTO,NS,16/08/2018,13.9,26.4,-2.4
NORTHEAST MARGAREE (AUT),NS,17/08/2018,12.4,26.8,-2.3
NORTH MOUNTAIN CS,NS,18/08/2018,11.8,25.3,0.2
OSBORNE HEAD DND,NS,19/08/2018,16.3,24.7,4.4
UPPER STEWIACKE RCS,NS,20/08/2018,13,28,-5.1
PARRSBORO,NS,21/08/2018,13.3,26.4,-3.2
POCKWOCK LAKE,NS,22/08/2018,15,27,1
PORT HAWKESBURY,NS,23/08/2018,14.1,30,-0.2
SABLE ISLAND A,NS,24/08/2018,16.9,23.7,5.3
SABLE ISLAND,NS,25/08/2018,16.7,23.3,4.9
ST MARGARET'S BAY,NS,26/08/2018,16.4,28,-1
ST PAUL ISLAND (AUT),NS,27/08/2018,15.2,24.6,7.4
SHEARWATER RCS,NS,28/08/2018,16.4,27.4,1.7
SHEARWATER JETTY,NS,29/08/2018,17.1,26.7,4.8
SHELBURNE SANDY POINT,NS,30/08/2018,15.9,29.7,0.6
SYDNEY A,NS,31/08/2018,13.5,28.8,1.3
SYDNEY CS,NS,01/09/2018,13.5,29,1.5
TATAMAGOUCHE,NS,02/09/2018,13.6,28.5,-2.5
TRACADIE,NS,03/09/2018,15.2,29.5,3.1
WATERVILLE CAMBRIDGE,NS,04/09/2018,15.5,28.5,-2
WESTERN HEAD,NS,05/09/2018,16.5,27.6,5.3
WHITE ROCK,NS,06/09/2018,,,
YARMOUTH RCS,NS,07/09/2018,15.7,26,3.8
YARMOUTH A,NS,08/09/2018,15.7,26.4,2.9
CHARLOTTETOWN A,PE,09/09/2018,14.2,26.1,-1.4
EAST POINT (AUT),PE,10/09/2018,15.6,27,5.8
NEW GLASGOW,PE,11/09/2018,14.2,27.5,-1
NORTH CAPE,PE,12/09/2018,15.9,27.4,4.9
ST. PETERS,PE,13/09/2018,14.5,27.4,-0.4
STANHOPE,PE,14/09/2018,14.6,27.9,0.7
SUMMERSIDE,PE,15/09/2018,14.3,27.6,-0.8
MAPLE PLAINS,PE,16/09/2018,17.3,25.6,8.5
HARRINGTON CDA CS,PE,17/09/2018,14.4,26.4,-0.8
BADGER (AUT),NL,18/09/2018,9.6,27.3,-5
BAY D'ESPOIR GEN STN,NL,19/09/2018,10.2,25,-4
BONAVISTA,NL,20/09/2018,14.1,20.7,7.1
BURGEO NL,NL,21/09/2018,12.6,23.9,2.7
BURNT POND,NL,22/09/2018,10.8,23,-2
CAPE RACE (AUT),NL,23/09/2018,,,
CORMACK RCS,NL,24/09/2018,8.8,24.6,-2.2
CORNER BROOK,NL,25/09/2018,11.1,25.7,-1.3
CORNER BROOK,NL,26/09/2018,12.5,27.5,-0.5
COW HEAD,NL,27/09/2018,12.2,23,-3
DANIEL'S HARBOUR,NL,28/09/2018,11.4,20.7,-1.3
DEER LAKE,NL,29/09/2018,11.8,24.5,-2
DEER LAKE A,NL,30/09/2018,10,26.8,-3.7
ENGLEE (AUT),NL,01/10/2018,10.8,22.9,0
FEROLLE POINT (AUT),NL,02/10/2018,10.8,18.1,0.7
GANDER INTL A,NL,03/10/2018,11.3,26.4,-0.2
GANDER AIRPORT CS,NL,04/10/2018,11.3,26.1,-0.3
LA SCIE,NL,05/10/2018,10.4,24.7,0.1
LETHBRIDGE,NL,06/10/2018,11.7,28,-3
MIDDLE ARM,NL,07/10/2018,9.8,26,-4.5
MILLERTOWN RCS,NL,08/10/2018,10.3,24.5,-3
PORT AUX BASQUES,NL,09/10/2018,12.1,21.4,0.9
ST. ANTHONY,NL,10/10/2018,9.9,21,-3.2
ST ANTHONY,NL,11/10/2018,9.6,21.2,-2.4
ST. JOHN'S INTL A,NL,12/10/2018,11.4,24,0.6
ST JOHNS WEST CLIMATE,NL,13/10/2018,11,24.5,-1.9
ST LAWRENCE,NL,14/10/2018,12,22.9,-0.5
SOPS ARM WHITE BAY,NL,15/10/2018,11.8,26,-0.5
STEPHENVILLE A,NL,16/10/2018,12,22.5,0.6
STEPHENVILLE RCS,NL,17/10/2018,11.7,22.2,-0.1
TERRA NOVA NAT PARK CS,NL,18/10/2018,11.1,26.7,-0.8
TWILLINGATE (AUT),NL,19/10/2018,11.6,25.3,2.7
WINTERLAND,NL,20/10/2018,12.3,23,-1.1
WRECKHOUSE,NL,20/10/2018,12.2,23.7,0.9
GRATES COVE,NL,20/10/2018,12.2,24.2,4.2
POOLS ISLAND,NL,20/10/2018,11.6,26.5,2.7
CARTWRIGHT A,NL,20/10/2018,8.4,24.2,-2.2
CHURCHILL FALLS A,NL,20/10/2018,8.3,24.4,-3.4
GOOSE A,NL,20/10/2018,10,26.5,-3.5
HOPEDALE (AUT),NL,20/10/2018,8.2,22.8,0.3
MARY'S HARBOUR A,NL,20/10/2018,7.1,21.5,-5.5
WABUSH A,NL,20/10/2018,6.3,21.5,-4.8
